,cycle,amb_temp,date_time,voltage_battery,current_battery,temp_battery,current_load,voltage_load,time,capacity
0,1,24,"02 Apr 2008, 15:25:41",2.475767757,-2.009435892,39.16298653,-1.999,1.653,3690.234,2.035337591
1,1,24,"02 Apr 2008, 15:25:41",3.062112709,-0.001433298764,37.33847849,-0.0004,0.0,3690.234,1.891052295
2,1,24,"02 Apr 2008, 15:25:41",3.277169977,-0.006528351252,34.23085284,-0.0006,0.0,3690.234,1.856487421
3,3,24,"02 Apr 2008, 19:43:48",2.351525512,-2.010374856,39.24620268,-1.999,1.543,3672.344,2.025140246
4,3,24,"02 Apr 2008, 19:43:48",3.079226238,-0.003230385241,37.1617386,-0.0004,0.0,3672.344,1.880637028
5,3,24,"02 Apr 2008, 19:43:48",3.300244887,-0.0004475525791,34.39213659,-0.0006,0.0,3672.344,1.84632725
6,5,24,"03 Apr 2008, 0:01:06",2.440479715,-2.008558887,38.99920246,-1.999,1.65,3651.641,2.013326371
7,5,24,"03 Apr 2008, 0:01:06",3.063265547,-0.00315778288,37.50810004,-0.0006,0.0,3651.641,1.880662672
8,5,24,"03 Apr 2008, 0:01:06",3.32745101,0.001026018559,34.23277872,-0.0006,0.0,3651.641,1.835349194
9,7,24,"03 Apr 2008, 4:16:37",2.479155854,-2.009290448,38.84362777,-1.999,1.69,3631.563,2.013284666
10,7,24,"03 Apr 2008, 4:16:37",3.039420908,-0.003421517887,37.85540509,-0.0006,0.0,3631.563,1.880770901
11,7,24,"03 Apr 2008, 4:16:37",3.314181859,-0.002233621696,34.41344995,-0.0006,0.0,3631.563,1.835262528
12,9,24,"03 Apr 2008, 8:33:25",2.280187848,-2.01176084,38.97798888,-1.999,1.488,3629.172,2.000528338
13,9,24,"03 Apr 2008, 8:33:25",3.043167178,-0.002355089738,37.83587047,-0.0006,0.0,3629.172,1.879450873
14,9,24,"03 Apr 2008, 8:33:25",3.305496731,9.24e-06,34.34588499,-0.0006,0.0,3629.172,1.834645508
15,11,24,"03 Apr 2008, 12:55:10",2.439284257,-2.010947045,38.83989921,-1.999,1.659,3652.281,2.013899076
16,11,24,"03 Apr 2008, 12:55:10",3.123387982,-0.002524129483,36.68060295,-0.0006,0.0,3652.281,1.880700352
17,11,24,"03 Apr 2008, 12:55:10",3.302329113,-0.003967230112,34.20092692,-0.0006,0.001,3652.281,1.83566166
18,13,24,"03 Apr 2008, 17:17:16",2.281206845,-2.012014627,39.04610837,-1.9992,1.505,3650.828,2.013101106
19,13,24,"03 Apr 2008, 17:17:16",3.118582129,-0.002681967867,36.84575704,-0.0006,0.0,3650.828,1.879935252
20,13,24,"03 Apr 2008, 17:17:16",3.29374067,-0.003424827194,34.29828476,-0.0006,0.0,3650.828,1.835146143
21,15,24,"03 Apr 2008, 21:28:14",2.366410527,-2.009602654,38.87507521,-1.9992,1.602,3572.453,1.968789826
22,15,24,"03 Apr 2008, 21:28:14",3.04842921,-0.00360492416,38.24441491,-0.0006,0.0,3572.453,1.881508812
23,15,24,"03 Apr 2008, 21:28:14",3.316230741,0.00171023897,34.76224184,-0.0006,0.0,3572.453,1.825756791
24,17,24,"04 Apr 2008, 1:38:15",2.43602005,-2.010503182,38.72605398,-1.999,1.664,3550.594,1.968166176
25,17,24,"04 Apr 2008, 1:38:15",3.016246202,0.0002748134023,38.66297037,-0.0006,0.0,3550.594,1.869690787
26,17,24,"04 Apr 2008, 1:38:15",3.297410935,-0.001004052378,35.05182953,-0.0004,0.0,3550.594,1.824773853
27,19,24,"04 Apr 2008, 5:48:08",2.186437749,-2.012000629,38.98629729,-1.999,1.411,3551.25,1.957230792
28,19,24,"04 Apr 2008, 5:48:08",3.005452832,-0.006725826966,38.74331536,-0.0006,0.0,3551.25,1.87005238
29,19,24,"04 Apr 2008, 5:48:08",3.288404483,0.00126140141,35.02973666,-0.0006,0.0,3551.25,1.824613268
30,21,24,"04 Apr 2008, 9:57:19",2.340602361,-2.008605764,38.65978862,-1.9992,1.583,3530.25,1.945599151
31,21,24,"04 Apr 2008, 9:57:19",2.96653348,-0.002366401974,39.17593372,-0.0006,0.0,3530.25,1.870044239
32,21,24,"04 Apr 2008, 9:57:19",3.266275575,0.000285051708,35.32247969,-0.0006,0.0,3530.25,1.824619553
33,24,24,"04 Apr 2008, 17:56:27",2.426302137,-2.008093199,38.84979196,-1.999,1.659,3491.016,1.934750504
34,24,24,"04 Apr 2008, 17:56:27",2.95834762,-0.006579885066,39.59267385,-0.0006,0.0,3491.016,1.859651899
35,24,24,"04 Apr 2008, 17:56:27",3.296199859,-0.0007757313953,35.59296016,-0.0006,0.0,3491.016,1.814201936
36,26,24,"04 Apr 2008, 22:01:54",2.47536977,-2.008861764,38.75128344,-1.999,1.704,3470.281,1.923279954
37,26,24,"04 Apr 2008, 22:01:54",2.896976192,-0.004714079154,39.74652756,-0.0006,0.0,3470.281,1.859074656
38,26,24,"04 Apr 2008, 22:01:54",3.271757416,-0.000472438356,35.96127245,-0.0006,0.0,3470.281,1.813752158
39,28,24,"05 Apr 2008, 2:20:26",2.342364524,-2.01142588,38.76853764,-1.999,1.59,3470.0,1.911889931
40,28,24,"05 Apr 2008, 2:20:26",2.876004651,-0.0004508051049,39.88045079,-0.0004,0.0,3470.0,1.859008458
41,28,24,"05 Apr 2008, 2:20:26",3.264855084,-0.0025059932,35.8696097,-0.0006,0.0,3470.0,1.813440491
42,30,24,"05 Apr 2008, 6:25:01",2.188400082,-2.009440178,38.84686112,-1.999,1.433,3450.297,1.901066714
43,30,24,"05 Apr 2008, 6:25:01",2.949033322,-0.006585240512,39.17973626,-0.0006,0.0,3450.297,1.859362259
44,30,24,"05 Apr 2008, 6:25:01",3.309111202,-3.78e-05,35.53204381,-0.0006,0.0,3450.297,1.802598004
45,32,24,"05 Apr 2008, 10:30:32",2.120698095,-2.006293377,38.86588978,-1.999,1.371,3429.407,1.889198995
46,32,24,"05 Apr 2008, 10:30:32",2.817578543,-0.004489723046,39.56365952,-0.0006,0.0,3429.407,1.858735545
47,32,24,"05 Apr 2008, 10:30:32",3.288149053,-0.001359332534,35.81031289,-0.0006,0.0,3429.407,1.8021069
48,34,24,"05 Apr 2008, 14:34:41",1.857554767,-1.988671436,39.62894832,-2.0,1.016,3409.484,1.847817291
49,34,24,"05 Apr 2008, 14:34:41",2.369981458,-2.008399903,38.64757873,-1.999,1.625,3409.484,1.878278372
50,34,24,"05 Apr 2008, 14:34:41",3.260754101,-0.0007935553984,36.24247715,-0.0006,0.001,3409.484,1.802579501
51,36,24,"05 Apr 2008, 18:39:25",2.165755612,-1.988513259,39.22534721,-2.0,1.342,3390.422,1.848525292
52,36,24,"05 Apr 2008, 18:39:25",2.24799165,-2.010307487,38.79218188,-1.999,1.524,3390.422,1.867569716
53,36,24,"05 Apr 2008, 18:39:25",3.229466822,-0.004407893712,36.70221725,-0.0006,0.0,3390.422,1.803068314
54,38,24,"05 Apr 2008, 22:46:35",2.027068634,-1.985790712,39.41263216,-2.0,1.205,3390.281,1.848378952
55,38,24,"05 Apr 2008, 22:46:35",2.88444637,-0.00227724107,38.77022224,-0.0008,0.0,3390.281,1.867589257
56,38,24,"05 Apr 2008, 22:46:35",3.224378895,-0.001862125717,36.77890978,-0.0006,0.0,3390.281,1.802777625
57,41,24,"18 Apr 2008, 21:10:19",2.203355847,-2.009911452,37.543206,-1.9992,1.445,3591.734,1.979626548
58,41,24,"18 Apr 2008, 21:10:19",2.990508602,-0.003199993528,38.26643351,-0.0006,0.0,3591.734,1.880780544
59,41,24,"18 Apr 2008, 21:10:19",3.258740332,-3.54e-05,34.93481911,-0.0006,0.0,3591.734,1.847025995
60,45,24,"19 Apr 2008, 2:29:09",2.358877512,-2.010023847,37.90362578,-1.999,1.619,3552.297,1.957549908
61,45,24,"19 Apr 2008, 2:29:09",2.924443669,-0.002762863088,39.34502064,-0.0006,0.0,3552.297,1.88147216
62,45,24,"19 Apr 2008, 2:29:09",3.218046215,0.0001519420551,36.06881903,-0.0006,0.0,3552.297,1.847417311
63,49,24,"19 Apr 2008, 7:47:15",2.218672914,-2.0106213,37.67016051,-1.999,1.491,3531.578,1.945815017
64,49,24,"19 Apr 2008, 7:47:15",2.985701673,-0.002733686079,38.40282689,-0.0006,0.0,3531.578,1.881095431
65,49,24,"19 Apr 2008, 7:47:15",3.257309627,-0.002765735474,35.57131957,-0.0006,0.0,3531.578,1.836177421
66,53,24,"19 Apr 2008, 13:01:42",2.339723058,-2.009836812,37.34166959,-1.999,1.607,3492.907,1.924246112
67,53,24,"19 Apr 2008, 13:01:42",2.862448292,-0.00227991679,39.19501045,-0.0006,0.0,3492.907,1.871008965
68,53,24,"19 Apr 2008, 13:01:42",3.280256747,-0.0001953488937,35.49553079,-0.0006,0.0,3492.907,1.825780748
69,57,24,"19 Apr 2008, 18:27:29",2.399750821,-2.008549111,37.28979017,-1.999,1.653,3511.594,1.945981133
70,57,24,"19 Apr 2008, 18:27:29",2.913932303,-0.0007937441569,39.01311177,-0.0006,0.0,3511.594,1.870199515
71,57,24,"19 Apr 2008, 18:27:29",3.279765451,-0.001914705596,35.20943494,-0.0006,0.0,3511.594,1.825113644
72,61,24,"19 Apr 2008, 23:41:55",2.050649264,-1.989613682,38.86906912,-2.0,1.232,3431.937,1.870671536
73,61,24,"19 Apr 2008, 23:41:55",2.491410879,-2.011253162,37.16794481,-1.999,1.723,3431.937,1.901407931
74,61,24,"19 Apr 2008, 23:41:55",3.205068916,-0.000256914785,36.50765859,-0.0006,0.0,3431.937,1.825581504
75,65,24,"20 Apr 2008, 4:54:41",1.825436974,-1.98974122,39.11839966,-2.0,0.987,3431.125,1.859612464
76,65,24,"20 Apr 2008, 4:54:41",2.766926989,-0.001348363769,37.51577849,-0.0008,0.0,3431.125,1.878674214
77,65,24,"20 Apr 2008, 4:54:41",3.276866922,0.0006643566078,35.87513759,-0.0008,0.0,3431.125,1.814031128
78,69,24,"20 Apr 2008, 10:16:28",2.134879001,-1.989867366,38.68010761,-2.0,1.314,3412.406,1.86003391
79,69,24,"20 Apr 2008, 10:16:28",2.835612847,-0.0009996515494,37.24165964,-0.0006,0.0,3412.406,1.868306133
80,69,24,"20 Apr 2008, 10:16:28",3.231130028,-0.002598175553,36.32486455,-0.0006,0.0,3412.406,1.814769194
81,73,24,"20 Apr 2008, 15:37:05",1.970455493,-1.987792527,38.86304568,-2.0,1.148,3410.688,1.859165311
82,73,24,"20 Apr 2008, 15:37:05",2.928394635,-0.003474005763,37.10097467,-0.0008,0.0,3410.688,1.856024407
83,73,24,"20 Apr 2008, 15:37:05",3.222025773,-0.0001462630301,36.4068772,-0.0006,0.0,3410.688,1.813969389
84,77,24,"20 Apr 2008, 20:50:38",1.813269431,-1.987021065,39.1453117,-2.0,0.97,3410.718,1.848139818
85,77,24,"20 Apr 2008, 20:50:38",3.077114958,-0.006584951822,36.53635084,-0.0006,0.0,3410.718,1.845199796
86,77,24,"20 Apr 2008, 20:50:38",3.290082794,-0.004012055064,35.8741726,-0.0008,0.0,3410.718,1.802765665
87,81,24,"21 Apr 2008, 2:15:02",2.048365732,-1.98805526,38.83805642,-2.0,1.228,3392.719,1.849201702
88,81,24,"21 Apr 2008, 2:15:02",2.819560587,0.001784340245,37.4960777,-0.0008,0.0,3392.719,1.857228891
89,81,24,"21 Apr 2008, 2:15:02",3.251176185,-0.001451430327,36.40595071,-0.0006,0.0,3392.719,1.80407704
90,85,24,"22 Apr 2008, 15:33:49",2.434300686,-2.010184355,37.25007396,1.999,1.607,3470.672,1.924776089
91,85,24,"22 Apr 2008, 15:33:49",2.88288877,-0.002596242829,38.78113988,0.0004,0.0,3470.672,1.883467744
92,85,24,"22 Apr 2008, 15:33:49",3.249283482,-0.001499701483,36.28230125,0.0006,0.0,3470.672,1.851802552
93,89,24,"22 Apr 2008, 20:26:18",2.117779935,-1.987749839,39.05387577,2.0,1.24,3414.109,1.862821112
94,89,24,"22 Apr 2008, 20:26:18",2.918775739,0.000219946169,37.27669936,0.0006,0.0,3414.109,1.882231753
95,89,24,"22 Apr 2008, 20:26:18",3.260087599,-0.001228815048,36.73981915,0.0006,0.0,3414.109,1.830703846
96,93,24,"23 Apr 2008, 1:18:11",2.163744879,-1.98796554,38.6995517,2.0,1.294,3395.219,1.85208504
97,93,24,"23 Apr 2008, 1:18:11",2.973956909,-0.003806456593,37.05346892,0.0006,0.0,3395.219,1.855276688
98,93,24,"23 Apr 2008, 1:18:11",3.281146601,0.001947239059,36.49603036,0.0008,0.0,3395.219,1.819904109
99,97,24,"23 Apr 2008, 6:18:19",2.045656147,-1.987623052,38.60524149,2.0,1.172,3386.0,1.846950465
100,97,24,"23 Apr 2008, 6:18:19",3.033433372,0.001159493986,36.4901977,0.0006,0.0,3386.0,1.839250892
101,97,24,"23 Apr 2008, 6:18:19",3.30937152,-0.001003526379,36.04392364,0.0006,0.0,3386.0,1.809307964
102,101,24,"23 Apr 2008, 11:08:00",2.135620227,-1.990880773,38.42604748,2.0,1.264,3368.187,1.836828431
103,101,24,"23 Apr 2008, 11:08:00",3.061692514,-0.002470616206,36.1735162,0.0006,0.0,3368.187,1.818539607
104,101,24,"23 Apr 2008, 11:08:00",3.295594468,-0.001834969882,36.22444539,0.0006,0.0,3368.187,1.804609905
105,105,24,"23 Apr 2008, 16:06:25",2.042987154,-1.987965741,39.04689689,2.0,1.163,3368.266,1.837161962
106,105,24,"23 Apr 2008, 16:06:25",3.086421448,-0.002485656828,36.69172174,0.0006,0.0,3368.266,1.813477006
107,105,24,"23 Apr 2008, 16:06:25",3.317198245,-0.0001708683694,36.48129579,0.0006,0.0,3368.266,1.799377065
108,109,24,"23 Apr 2008, 21:02:58",1.978616239,-1.985827106,38.83676496,2.0,1.097,3358.719,1.831672258
109,109,24,"23 Apr 2008, 21:02:58",3.137787322,-0.002908291707,36.30505452,0.0006,0.0,3358.719,1.797101845
110,109,24,"23 Apr 2008, 21:02:58",3.347818507,-0.0008312254388,35.98576133,0.0006,0.0,3358.719,1.788443234
111,113,24,"24 Apr 2008, 1:51:33",2.158453576,-1.988696121,38.49981471,2.0,1.284,3339.5,1.821147095
112,113,24,"24 Apr 2008, 1:51:33",3.150115639,-0.001828624542,36.06439554,0.0008,0.0,3339.5,1.781004629
113,113,24,"24 Apr 2008, 1:51:33",3.337821924,-0.00284373998,36.10148289,0.0006,0.0,3339.5,1.782923048
114,117,24,"24 Apr 2008, 6:50:00",2.092603699,-1.987126806,38.58234015,2.0,1.22,3331.265,1.816506092
115,117,24,"24 Apr 2008, 6:50:00",3.173892042,-0.008825733551,36.017314,0.0006,0.0,3331.265,1.771013042
116,117,24,"24 Apr 2008, 6:50:00",3.364372479,-0.004309732475,35.8592178,0.0006,0.0,3331.265,1.773033716
117,121,24,"24 Apr 2008, 11:49:24",2.152888643,-1.988000423,38.78749983,2.0,1.276,3321.188,1.81138156
118,121,24,"24 Apr 2008, 11:49:24",3.19720715,-0.003438126515,35.90775443,0.0006,0.0,3321.188,1.760471245
119,121,24,"24 Apr 2008, 11:49:24",3.336014494,0.002106450585,36.40939106,0.0006,0.0,3321.188,1.773037755
120,125,24,"24 Apr 2008, 16:45:56",2.053741883,-1.989763558,39.31221126,2.0,1.174,3321.844,1.811605633
121,125,24,"24 Apr 2008, 16:45:56",3.227568459,-0.004927190604,36.35807936,0.0006,0.0,3321.844,1.750291379
122,125,24,"24 Apr 2008, 16:45:56",3.355659628,0.001443793644,36.77364626,0.0006,0.0,3321.844,1.767872111
123,129,24,"24 Apr 2008, 21:38:11",2.079330059,-1.986886765,39.40567993,2.0,1.203,3311.828,1.806054896
124,129,24,"24 Apr 2008, 21:38:11",3.230858082,-0.001453011629,36.50421626,0.0006,0.0,3311.828,1.739492504
125,129,24,"24 Apr 2008, 21:38:11",3.361490198,0.0009051016773,36.84756032,0.0006,0.0,3311.828,1.76231507
126,133,24,"25 Apr 2008, 12:03:44",2.07597933,-1.987433786,39.32802758,-2.0,1.234,3327.391,1.813204183
127,133,24,"25 Apr 2008, 12:03:44",3.199633267,-0.002292562412,36.99126483,-0.0008,0.0,3327.391,1.754676655
128,133,24,"25 Apr 2008, 12:03:44",3.346968122,-0.001459488496,36.71091395,-0.0006,0.0,3327.391,1.767617292
129,135,24,"25 Apr 2008, 20:03:55",2.067434948,-1.987118282,38.61125282,2.0,1.189,3312.078,1.806264194
130,135,24,"25 Apr 2008, 20:03:55",3.189810324,-0.002874522115,36.81410786,0.0006,0.0,3312.078,1.765939094
131,135,24,"25 Apr 2008, 20:03:55",3.371210049,-0.0007500356716,36.38019708,0.0006,0.0,3312.078,1.76266836
132,139,24,"26 Apr 2008, 1:04:35",2.037264031,-1.985217168,38.56972695,2.0,1.159,3293.172,1.795831025
133,139,24,"26 Apr 2008, 1:04:35",3.249962213,-0.004430988719,35.9486655,0.0006,0.0,3293.172,1.733788742
134,139,24,"26 Apr 2008, 1:04:35",3.379951819,-0.001351175408,36.1805145,0.0006,0.0,3293.172,1.751730487
135,143,24,"26 Apr 2008, 5:57:35",2.163267419,-1.990826155,38.34572084,2.0,1.288,3275.328,1.78588526
136,143,24,"26 Apr 2008, 5:57:35",3.276178622,-0.002886506976,35.80761415,0.0006,0.0,3275.328,1.713325912
137,143,24,"26 Apr 2008, 5:57:35",3.391867016,-0.000718230166,36.07117792,0.0006,0.0,3275.328,1.741849605
138,147,24,"26 Apr 2008, 10:58:25",2.106631527,-1.990104969,38.48254063,2.0,1.23,3265.016,1.78032686
139,147,24,"26 Apr 2008, 10:58:25",3.289233794,-0.001482135856,35.72741105,0.0008,0.0,3265.016,1.702407781
140,147,24,"26 Apr 2008, 10:58:25",3.389321801,-0.001638270192,36.06727402,0.0008,0.0,3265.016,1.736091351
141,149,24,"29 Apr 2008, 12:15:56",2.180927286,-1.988974957,41.04994219,2.0,1.292,3328.937,1.81507569
142,149,24,"29 Apr 2008, 12:15:56",2.93495168,-0.002635958074,39.5737867,0.0008,0.0,3328.937,1.823719462
143,149,24,"29 Apr 2008, 12:15:56",3.239960443,-0.002410258903,39.39707856,0.0008,0.0,3328.937,1.793624015
144,153,24,"29 Apr 2008, 17:05:27",2.177349809,-1.986998523,40.36194489,2.0,1.302,3329.266,1.815702515
145,153,24,"29 Apr 2008, 17:05:27",3.013358351,-0.002514119672,38.78195999,0.0008,0.0,3329.266,1.808128405
146,153,24,"29 Apr 2008, 17:05:27",3.31112764,-0.0004760835045,38.24790664,0.0008,0.0,3329.266,1.783189022
147,157,24,"29 Apr 2008, 22:00:04",2.180136102,-1.987598634,39.66769653,2.0,1.303,3301.579,1.800243218
148,157,24,"29 Apr 2008, 22:00:04",3.09819201,0.000650104339,37.85904701,0.0006,0.0,3301.579,1.775761095
149,157,24,"29 Apr 2008, 22:00:04",3.332862126,-0.002545776801,37.66314807,0.0008,0.0,3301.579,1.767364208
150,161,24,"30 Apr 2008, 2:43:55",2.12862952,-1.988124332,39.4811814,2.0,1.253,3283.563,1.790447621
151,161,24,"30 Apr 2008, 2:43:55",3.167346834,0.001188465218,37.12135762,0.0006,0.0,3283.563,1.744740984
152,161,24,"30 Apr 2008, 2:43:55",3.333761215,0.0009142168194,37.41262018,0.0006,0.0,3283.563,1.757017785
153,165,24,"30 Apr 2008, 7:41:42",2.819149314,0.0007008105306,39.41905114,0.0006,0.001,3275.125,1.780343032
154,165,24,"30 Apr 2008, 7:41:42",3.228685512,-0.003510279413,36.58048671,0.0006,0.0,3275.125,1.729207034
155,165,24,"30 Apr 2008, 7:41:42",3.361505749,0.0002297172014,36.98304922,0.0006,0.0,3275.125,1.746870618
156,169,24,"30 Apr 2008, 12:28:49",2.791498672,0.0001504085743,39.72196117,0.0006,0.001,3265.656,1.77532877
157,169,24,"30 Apr 2008, 12:28:49",3.259572455,-0.001254241111,36.4364075,0.0006,0.0,3265.656,1.708108655
158,169,24,"30 Apr 2008, 12:28:49",3.352855281,-0.003677569057,37.11383317,0.0006,0.0,3265.656,1.741717251
159,173,24,"30 Apr 2008, 17:20:16",2.912699551,-0.003713776256,40.03166031,0.0006,0.001,3266.093,1.770262973
160,173,24,"30 Apr 2008, 17:20:16",3.277419952,-0.002464279416,36.53091042,0.0006,0.0,3266.093,1.697595424
161,173,24,"30 Apr 2008, 17:20:16",3.365152082,-0.001924143845,37.44763048,0.0006,0.0,3266.093,1.736422506
162,177,24,"30 Apr 2008, 22:14:54",2.995987713,-0.0001155222884,39.4715147,0.0006,0.001,3257.594,1.760081062
163,177,24,"30 Apr 2008, 22:14:54",3.30954191,-0.003735703749,36.06449508,0.0006,0.0,3257.594,1.682063452
164,177,24,"30 Apr 2008, 22:14:54",3.38577286,0.0004995070896,36.88044924,0.0008,0.0,3257.594,1.726321724
165,181,24,"01 May 2008, 3:15:33",2.972676873,-0.002283350613,39.72504113,0.0006,0.001,3248.593,1.749647594
166,181,24,"01 May 2008, 3:15:33",3.322945796,-0.004205019176,35.94327251,0.0008,0.0,3248.593,1.671476832
167,181,24,"01 May 2008, 3:15:33",3.408443186,-0.0007362875556,36.63224569,0.0006,0.0,3248.593,1.715806539
168,185,24,"01 May 2008, 8:16:03",2.981408978,-0.002542992171,39.74335777,0.0006,0.001,3238.766,1.749650075
169,185,24,"01 May 2008, 8:16:03",3.326877495,-0.004577470679,35.89295329,0.0006,0.0,3238.766,1.660759139
170,185,24,"01 May 2008, 8:16:03",3.409832097,0.0002035420338,36.73387962,0.0006,0.0,3238.766,1.710533351
171,189,24,"01 May 2008, 13:14:24",3.030747306,-0.0003544434936,39.81953913,0.0006,0.001,3240.14,1.745028739
172,189,24,"01 May 2008, 13:14:24",3.3364001,-0.004220549754,35.95951502,0.0008,0.0,3240.14,1.651121015
173,189,24,"01 May 2008, 13:14:24",3.417268005,-0.00524113345,36.82798617,0.0006,0.0,3240.14,1.7060145
174,193,24,"01 May 2008, 18:11:10",3.039062337,0.0005136007464,40.01028251,0.0006,0.001,3230.109,1.739645746
175,193,24,"01 May 2008, 18:11:10",3.356231324,-0.004630300154,36.03733182,0.0008,0.0,3230.109,1.640134926
176,193,24,"01 May 2008, 18:11:10",3.421833589,-0.0004575840517,37.08800149,0.0006,0.0,3230.109,1.700311027
177,197,24,"01 May 2008, 23:10:15",3.073271767,-0.004044405558,39.75053705,0.0006,0.001,3229.781,1.728564228
178,197,24,"01 May 2008, 23:10:15",3.371466361,0.001474388315,35.71327174,0.0006,0.0,3229.781,1.629199942
179,197,24,"01 May 2008, 23:10:15",3.427142406,-0.002323500375,36.75804959,0.0006,0.0,3229.781,1.69457986
180,201,24,"02 May 2008, 3:53:34",3.098778836,-0.002713376064,39.59496852,0.0006,0.001,3212.469,1.723900325
181,201,24,"02 May 2008, 3:53:34",3.396018762,-0.004672744023,35.36649835,0.0006,0.0,3212.469,1.60884963
182,201,24,"02 May 2008, 3:53:34",3.438178718,-0.001432966333,36.66588768,0.0008,0.0,3212.469,1.684902909
183,205,24,"02 May 2008, 8:44:40",3.121368259,-0.004186988652,39.58448144,0.0006,0.001,3213.219,1.713978878
184,205,24,"02 May 2008, 8:44:40",3.393882522,-0.004211278056,35.18665272,0.0006,0.0,3213.219,1.60352449
185,205,24,"02 May 2008, 8:44:40",3.465640473,-0.001928562803,36.22708832,0.0006,0.0,3213.219,1.674474159
186,209,24,"02 May 2008, 13:43:05",3.134628907,-0.001695369031,39.78150284,0.0006,0.001,3203.578,1.7139702
187,209,24,"02 May 2008, 13:43:05",3.39781587,-0.004421042014,35.67614712,0.0008,0.0,3203.578,1.598971214
188,209,24,"02 May 2008, 13:43:05",3.444985935,-0.0007476535284,36.83574345,0.0006,0.0,3203.578,1.674569248
189,213,24,"02 May 2008, 19:07:48",3.121005706,-0.000635055594,39.61214975,0.0006,0.001,3195.125,1.703652117
190,213,24,"02 May 2008, 19:07:48",3.416423033,-0.000320002795,34.71660829,0.0008,0.0,3195.125,1.587627312
191,213,24,"02 May 2008, 19:07:48",3.467467091,0.0002387859433,36.31129508,0.0006,0.0,3195.125,1.663716376
192,215,24,"02 May 2008, 23:24:17",3.16450137,-0.0001039557888,39.80746181,0.0006,0.001,3195.313,1.704013747
193,215,24,"02 May 2008, 23:24:17",3.417549529,-0.001444462241,35.02873638,0.0006,0.0,3195.313,1.582971974
194,215,24,"02 May 2008, 23:24:17",3.471730001,-0.0009780784438,36.57728194,0.0006,0.0,3195.313,1.659013869
195,219,24,"03 May 2008, 4:13:08",3.210026376,0.000520279921,39.41546685,0.0006,0.001,3186.297,1.693571616
196,219,24,"03 May 2008, 4:13:08",3.427505386,-0.003482664855,34.77499131,0.0006,0.0,3186.297,1.567137637
197,219,24,"03 May 2008, 4:13:08",3.466070336,-0.001671215251,36.61716358,0.0006,0.0,3186.297,1.653854057
198,223,24,"03 May 2008, 9:10:19",3.210589611,-0.006451570948,39.38468423,0.0006,0.001,3176.438,1.687657736
199,223,24,"03 May 2008, 9:10:19",3.434750843,-0.004482648411,34.69789798,0.0006,0.0,3176.438,1.561344614
200,223,24,"03 May 2008, 9:10:19",3.485289155,0.0001452940785,36.28502922,0.0006,0.0,3176.438,1.642653782
201,227,24,"03 May 2008, 14:04:34",3.211652713,-0.003993590302,39.44521506,0.0006,0.001,3167.593,1.683074436
202,227,24,"03 May 2008, 14:04:34",3.44819802,-0.001219527121,34.60054157,0.0006,0.0,3167.593,1.551171189
203,227,24,"03 May 2008, 14:04:34",3.480022171,-0.003882123672,36.40409776,0.0006,0.0,3167.593,1.637857843
204,231,24,"03 May 2008, 18:58:13",3.236789079,-0.002354597242,39.35070556,0.0006,0.001,3167.719,1.677927014
205,231,24,"03 May 2008, 18:58:13",3.447136358,0.0007226343451,34.65518631,0.0008,0.0,3167.719,1.540674161
206,231,24,"03 May 2008, 18:58:13",3.487572729,-0.004430965855,36.33612654,0.0006,0.0,3167.719,1.632735041
207,235,24,"03 May 2008, 23:42:30",3.236252355,-0.003300493286,39.41976351,0.0006,0.001,3159.078,1.673206028
208,235,24,"03 May 2008, 23:42:30",3.455115441,-0.001927143185,34.49661504,0.0006,0.0,3159.078,1.525313874
209,235,24,"03 May 2008, 23:42:30",3.48458314,-0.002779507078,36.42204258,0.0006,0.0,3159.078,1.627752892
210,239,24,"04 May 2008, 4:41:40",3.238140257,-0.0002657679578,39.408643,0.0006,0.001,3148.829,1.667436721
211,239,24,"04 May 2008, 4:41:40",3.468023005,-0.001288227655,34.58789397,0.0006,0.0,3148.829,1.530157032
212,239,24,"04 May 2008, 4:41:40",3.484004412,-0.0009843051419,36.46650027,0.0006,0.0,3148.829,1.622125486
213,243,24,"04 May 2008, 9:40:11",3.260791247,-0.0007109598216,39.26414378,0.0006,0.001,3149.094,1.662266263
214,243,24,"04 May 2008, 9:40:11",3.471133597,-0.004490311926,34.48391219,0.0006,0.0,3149.094,1.524656683
215,243,24,"04 May 2008, 9:40:11",3.508463138,-0.003643502506,36.01706888,0.0006,0.0,3149.094,1.61132566
216,247,24,"04 May 2008, 14:38:13",3.257637774,-0.00272356103,39.36784552,0.0006,0.001,3140.547,1.657424307
217,247,24,"04 May 2008, 14:38:13",3.488339089,-0.001221569209,34.3231683,0.0008,0.0,3140.547,1.514549299
218,247,24,"04 May 2008, 14:38:13",3.503787286,-0.0005279739237,36.12135272,0.0008,0.0,3140.547,1.60656314
219,251,24,"04 May 2008, 19:37:07",3.256197957,-0.003566945979,39.3995952,0.0006,0.001,3131.625,1.652538685
220,251,24,"04 May 2008, 19:37:07",3.48822644,-9.2e-05,34.37112414,0.0006,0.0,3131.625,1.509391505
221,251,24,"04 May 2008, 19:37:07",3.500128757,0.0005102798844,36.20196695,0.0006,0.0,3131.625,1.601514223
222,255,24,"05 May 2008, 0:35:53",3.261237667,-0.004376544727,39.32054525,0.0006,0.001,3121.907,1.647217463
223,255,24,"05 May 2008, 0:35:53",3.487700235,-0.002546203183,34.37262004,0.0006,0.0,3121.907,1.503997433
224,255,24,"05 May 2008, 0:35:53",3.517670766,-0.003099056095,35.8666031,0.0006,0.0,3121.907,1.590369231
225,259,24,"05 May 2008, 5:28:13",3.276791226,-0.001412983476,39.2246673,0.0006,0.001,3122.125,1.636413681
226,259,24,"05 May 2008, 5:28:13",3.501914421,-0.001805051287,34.06737353,0.0006,0.0,3122.125,1.493520192
227,259,24,"05 May 2008, 5:28:13",3.517448609,-0.004404315945,35.80553828,0.0006,0.0,3122.125,1.585788997
228,263,24,"05 May 2008, 11:41:31",3.280204681,-0.001299369467,39.0446527,0.0006,0.001,3121.672,1.636255431
229,263,24,"05 May 2008, 11:41:31",3.506489884,-0.002346995765,34.01427816,0.0006,0.0,3121.672,1.487632302
230,263,24,"05 May 2008, 11:41:31",3.516013267,-0.001663601844,35.6702667,0.0006,0.0,3121.672,1.584943071
231,265,24,"05 May 2008, 20:40:08",3.246330916,-0.003109086433,39.49011144,0.0006,0.001,3120.86,1.641119179
232,265,24,"05 May 2008, 20:40:08",3.461271256,-0.001589364073,35.63390029,0.0008,0.0,3120.86,1.530287621
233,265,24,"05 May 2008, 20:40:08",3.496983702,-0.001124179368,36.34696099,0.0006,0.0,3120.86,1.595526389
234,269,24,"06 May 2008, 1:38:46",3.284793531,-0.001755631413,38.82694232,0.0006,0.001,3103.828,1.631570079
235,269,24,"06 May 2008, 1:38:46",3.495979747,-0.002813062157,34.63193513,0.0006,0.0,3103.828,1.504076009
236,269,24,"06 May 2008, 1:38:46",3.520220864,-0.003973954015,35.52300699,0.0006,0.0,3103.828,1.574730175
237,273,24,"06 May 2008, 6:37:06",3.278208354,-0.004172109092,38.88522538,0.0006,0.001,3095.094,1.621213283
238,273,24,"06 May 2008, 6:37:06",3.495868233,-0.002245547841,34.4836648,0.0006,0.0,3095.094,1.488759361
239,273,24,"06 May 2008, 6:37:06",3.529225684,6.07e-05,35.26695893,0.0006,0.0,3095.094,1.564901995
240,277,24,"06 May 2008, 11:25:21",3.298512396,-0.001373585705,38.95656521,0.0006,0.001,3095.781,1.616427321
241,277,24,"06 May 2008, 11:25:21",3.516832478,-0.003048177774,34.19890636,0.0006,0.0,3095.781,1.478277929
242,277,24,"06 May 2008, 11:25:21",3.530725945,-0.0006247516421,35.35042795,0.0006,0.0,3095.781,1.559765947
243,281,24,"06 May 2008, 16:23:36",3.289212625,-0.004216214754,39.48650196,0.0006,0.001,3094.328,1.61582351
244,281,24,"06 May 2008, 16:23:36",3.514080559,-0.003030933483,34.73440889,0.0006,0.0,3094.328,1.478459982
245,281,24,"06 May 2008, 16:23:36",3.521290948,-0.002065597935,35.94137693,0.0006,0.0,3094.328,1.559481567
246,285,24,"06 May 2008, 21:21:49",3.296160957,-0.004714432587,39.46565735,0.0006,0.001,3086.531,1.61672418
247,285,24,"06 May 2008, 21:21:49",3.517916927,-0.003197369981,34.85451607,0.0006,0.0,3086.531,1.473214845
248,285,24,"06 May 2008, 21:21:49",3.523535901,-0.00366169201,36.04660209,0.0006,0.0,3086.531,1.554689354
249,289,24,"07 May 2008, 2:17:25",3.316099496,-0.0001352990694,39.20259462,0.0006,0.001,3085.625,1.610865586
250,289,24,"07 May 2008, 2:17:25",3.519101676,-0.002832656975,34.71454754,0.0006,0.0,3085.625,1.467516494
251,289,24,"07 May 2008, 2:17:25",3.525524176,-5.65e-05,35.84567238,0.0006,0.0,3085.625,1.548874108
252,293,24,"07 May 2008, 7:04:02",3.299349705,-0.001455752132,39.13951548,0.0006,0.001,3067.203,1.600660337
253,293,24,"07 May 2008, 7:04:02",3.521493643,-0.002304841301,34.40844196,0.0006,0.0,3067.203,1.451629266
254,293,24,"07 May 2008, 7:04:02",3.534833787,-0.0003089657137,35.57978324,0.0006,0.0,3067.203,1.538236599
255,297,24,"07 May 2008, 12:01:49",3.294105934,-0.001631975935,39.27250656,0.0006,0.001,3058.157,1.595917449
256,297,24,"07 May 2008, 12:01:49",3.531199617,-0.003266350519,34.2299179,0.0006,0.0,3058.157,1.451923772
257,297,24,"07 May 2008, 12:01:49",3.54590292,-0.001821504475,35.18876167,0.0008,0.0,3058.157,1.527914258
258,301,24,"07 May 2008, 16:59:29",3.321071654,-0.003081373652,39.19187642,0.0006,0.001,3058.812,1.596217952
259,301,24,"07 May 2008, 16:59:29",3.536266004,0.0006417277353,35.64399547,0.0006,0.0,3058.812,1.528525263
260,301,24,"07 May 2008, 16:59:29",3.540682829,-0.002590438737,34.45467968,0.0008,0.0,3058.812,1.447148469
261,305,24,"07 May 2008, 21:56:09",3.314895684,-0.0001091599961,39.51623936,0.0006,0.001,3058.578,1.595806511
262,305,24,"07 May 2008, 21:56:09",3.535654119,-0.005834401131,34.80310291,0.0006,0.0,3058.578,1.446853811
263,305,24,"07 May 2008, 21:56:09",3.546806706,-0.002417167811,35.70451577,0.0006,0.0,3058.578,1.522647325
264,309,24,"08 May 2008, 2:53:49",3.285250365,-0.0009939270491,40.00681154,0.0006,0.001,3049.328,1.590650782
265,309,24,"08 May 2008, 2:53:49",3.542648087,-0.0008107827826,34.81930482,0.0006,0.0,3049.328,1.441674193
266,309,24,"08 May 2008, 2:53:49",3.54802872,-0.00329091105,35.75012466,0.0006,0.0,3049.328,1.517485994
267,312,24,"09 May 2008, 12:25:07",3.167885572,-0.002749493814,40.42042599,0.0006,0.001,3177.219,1.688821116
268,312,24,"09 May 2008, 12:25:07",3.502946852,-0.004082848523,36.55243678,0.0006,0.0,3177.219,1.593586659
269,312,24,"09 May 2008, 12:25:07",3.525050223,-0.001056050592,36.01263662,0.0006,0.0,3177.219,1.605818899
270,315,24,"09 May 2008, 20:28:09",3.215576898,-0.002366933376,40.44989071,0.0006,0.001,3082.937,1.625993828
271,315,24,"09 May 2008, 20:28:09",3.459144575,-0.001243713407,36.57029302,0.0006,0.0,3082.937,1.546390238
272,315,24,"09 May 2008, 20:28:09",3.494044838,-0.0007426552596,36.76362118,0.0006,0.0,3082.937,1.563849145
273,319,24,"10 May 2008, 1:21:56",3.237322372,-0.01238375704,40.37503731,0.0006,0.001,3074.266,1.615743386
274,319,24,"10 May 2008, 1:21:56",3.488590851,0.0002570745918,35.95639891,0.0006,0.0,3074.266,1.514705592
275,319,24,"10 May 2008, 1:21:56",3.510041836,-0.001763142796,36.50230588,0.0006,0.0,3074.266,1.548091525
276,323,24,"10 May 2008, 6:18:12",3.265128362,-0.003026739948,40.03060994,0.0006,0.001,3066.0,1.605662676
277,323,24,"10 May 2008, 6:18:12",3.500662571,-0.004456519471,35.57203522,0.0006,0.0,3066.0,1.498978608
278,323,24,"10 May 2008, 6:18:12",3.53592476,0.001569723796,35.91017221,0.0006,0.0,3066.0,1.532375563
279,327,24,"10 May 2008, 11:16:04",3.296447023,-0.001586828516,39.54773118,0.0006,0.001,3056.437,1.594974692
280,327,24,"10 May 2008, 11:16:04",3.519098513,-0.0005216459352,35.12626059,0.0006,0.0,3056.437,1.483111075
281,327,24,"10 May 2008, 11:16:04",3.529350807,-0.00397011573,35.87897248,0.0006,0.0,3056.437,1.526952827
282,331,24,"10 May 2008, 16:11:56",3.293762382,-0.0005847435726,39.5999789,0.0006,0.001,3048.219,1.590410244
283,331,24,"10 May 2008, 16:11:56",3.521286095,0.002124212915,35.05245407,0.0006,0.0,3048.219,1.472966483
284,331,24,"10 May 2008, 16:11:56",3.541857034,-0.001085866638,35.62922817,0.0006,0.0,3048.219,1.516957302
285,335,24,"10 May 2008, 21:07:54",3.295607974,-0.002309466131,39.6662666,0.0006,0.001,3039.218,1.585351706
286,335,24,"10 May 2008, 21:07:54",3.531585116,-0.001277149326,34.99131294,0.0008,0.0,3039.218,1.46276044
287,335,24,"10 May 2008, 21:07:54",3.540101145,-0.00174555315,35.7511914,0.0006,0.0,3039.218,1.511897596
288,339,24,"11 May 2008, 2:05:21",3.3145309,-0.001928951727,39.46734067,0.0006,0.001,3039.047,1.579973715
289,339,24,"11 May 2008, 2:05:21",3.532926288,-0.002883090442,34.94359969,0.0008,0.0,3039.047,1.451836468
290,339,24,"11 May 2008, 2:05:21",3.545308235,-0.001408619739,35.64438752,0.0006,0.0,3039.047,1.506563896
291,343,24,"11 May 2008, 6:55:27",3.31626565,-0.001812909733,39.50093406,0.0006,0.001,3030.375,1.575218547
292,343,24,"11 May 2008, 6:55:27",3.539045489,-0.004743717288,34.8498356,0.0006,0.0,3030.375,1.446867064
293,343,24,"11 May 2008, 6:55:27",3.543070358,-0.002012131902,35.7178175,0.0006,0.0,3030.375,1.501545353
294,347,24,"11 May 2008, 11:52:47",3.318055274,-0.00251391838,39.51950401,0.0006,0.001,3021.0,1.569798485
295,347,24,"11 May 2008, 11:52:47",3.545547134,-0.005003296611,34.86099755,0.0008,0.0,3021.0,1.441380399
296,347,24,"11 May 2008, 11:52:47",3.558035378,-0.004792435267,35.4681575,0.0008,0.0,3021.0,1.490844405
297,351,24,"11 May 2008, 16:49:58",3.3376611,-0.001199994446,39.31627404,0.0006,0.001,3021.75,1.570256538
298,351,24,"11 May 2008, 16:49:58",3.548456586,-0.004076598785,34.83766255,0.0008,0.0,3021.75,1.431210745
299,351,24,"11 May 2008, 16:49:58",3.561997553,0.0006217348756,35.41772195,0.0006,0.0,3021.75,1.485868385
300,355,24,"11 May 2008, 21:47:12",3.308471264,-0.001059396622,39.8135971,0.0006,0.001,3012.265,1.565249874
301,355,24,"11 May 2008, 21:47:12",3.549925959,-0.003369633278,34.87870781,0.0006,0.0,3012.265,1.426024718
302,355,24,"11 May 2008, 21:47:12",3.561734625,-0.0017731134,35.44065808,0.0008,0.0,3012.265,1.480413678
303,359,24,"12 May 2008, 2:36:58",3.316161904,-0.00433103489,39.69751399,0.0006,0.001,3002.641,1.559633934
304,359,24,"12 May 2008, 2:36:58",3.562236912,-0.003086654236,34.66799385,0.0006,0.0,3002.641,1.42048765
305,359,24,"12 May 2008, 2:36:58",3.562743172,-0.0006826543304,35.43941162,0.0006,0.0,3002.641,1.475209587
306,363,24,"12 May 2008, 12:56:34",3.308644721,0.0003940383448,39.65887447,0.0006,0.001,3012.0,1.564982053
307,363,24,"12 May 2008, 12:56:34",3.544836812,-0.00122968054,35.71444214,0.0008,0.0,3012.0,1.485903599
308,363,24,"12 May 2008, 12:56:34",3.558769895,-0.003486197159,35.25576699,0.0006,0.0,3012.0,1.420700623
309,366,24,"12 May 2008, 18:59:59",3.27976143,0.0002870995994,40.51011513,0.0006,0.001,3020.11,1.5749795
310,366,24,"12 May 2008, 18:59:59",3.535834318,-0.005346170115,36.32232581,0.0006,0.0,3020.11,1.49609183
311,366,24,"12 May 2008, 18:59:59",3.541383496,-0.001681499972,35.87126419,0.0006,0.0,3020.11,1.452255804
312,370,24,"12 May 2008, 23:53:17",3.281689839,-0.002518019145,40.53892256,0.0006,0.001,3002.172,1.565281117
313,370,24,"12 May 2008, 23:53:17",3.544628259,-0.002622952554,36.14370702,0.0006,0.0,3002.172,1.480800595
314,370,24,"12 May 2008, 23:53:17",3.557320348,-0.003624230046,35.55867419,0.0006,0.0,3002.172,1.431557633
315,374,24,"13 May 2008, 4:35:25",3.319291254,-0.001489496055,39.95381274,0.0006,0.001,2992.703,1.559755497
316,374,24,"13 May 2008, 4:35:25",3.556002116,-0.0001220877719,35.37917333,0.0006,0.0,2992.703,1.415015751
317,374,24,"13 May 2008, 4:35:25",3.556359815,-0.001207832239,35.81782913,0.0008,0.0,2992.703,1.469754327
318,378,24,"13 May 2008, 9:24:04",3.271441638,0.0005687421367,40.44322559,0.0006,0.001,2964.468,1.549897686
319,378,24,"13 May 2008, 9:24:04",3.557415161,-0.003319071692,35.64502539,0.0006,0.0,2964.468,1.453901227
320,378,24,"13 May 2008, 9:24:04",3.565450927,-0.003002244139,35.25835879,0.0008,0.0,2964.468,1.409731151
321,382,24,"13 May 2008, 14:20:24",3.335511958,-0.003034537251,39.73604954,0.0006,0.001,2983.375,1.543877153
322,382,24,"13 May 2008, 14:20:24",3.570394142,0.001559667278,35.3909784,0.0008,0.0,2983.375,1.454146207
323,382,24,"13 May 2008, 14:20:24",3.577810928,-0.002660121309,34.97774357,0.0008,0.0,2983.375,1.404917318
324,386,24,"13 May 2008, 19:04:20",3.309262641,-0.001250694165,40.29341867,0.0006,0.001,2975.297,1.545018749
325,386,24,"13 May 2008, 19:04:20",3.557697563,-0.001606333402,35.90172424,0.0008,0.0,2975.297,1.455023752
326,386,24,"13 May 2008, 19:04:20",3.582384274,-0.004289379362,35.09536675,0.0006,0.0,2975.297,1.395164297
327,390,24,"13 May 2008, 23:59:26",3.332978101,-0.002225696718,40.07444747,0.0006,0.001,2974.985,1.544594015
328,390,24,"13 May 2008, 23:59:26",3.562114572,-0.002522692742,35.87657254,0.0006,0.0,2974.985,1.449042164
329,390,24,"13 May 2008, 23:59:26",3.583670209,-0.002516960157,35.23466126,0.0008,0.0,2974.985,1.394534383
330,394,24,"14 May 2008, 4:55:57",3.333293706,-0.0008427268263,39.91083066,0.0006,0.001,2966.25,1.534308672
331,394,24,"14 May 2008, 4:55:57",3.576830515,-0.001423646261,35.37052397,0.0008,0.0,2966.25,1.438670937
332,394,24,"14 May 2008, 4:55:57",3.585625374,-0.0006328574526,35.03458093,0.0006,0.0,2966.25,1.389317118
333,398,24,"14 May 2008, 9:52:22",3.335626154,-0.002642054357,39.82498588,0.0006,0.001,2956.359,1.528760394
334,398,24,"14 May 2008, 9:52:22",3.577213254,-0.002347943207,35.31944752,0.0006,0.0,2956.359,1.433445432
335,398,24,"14 May 2008, 9:52:22",3.588984285,-0.004653356992,34.95973624,0.0008,0.0,2956.359,1.383837947
336,402,24,"14 May 2008, 14:35:22",3.33040925,-0.002607775554,40.12170438,0.0006,0.001,2956.344,1.528926025
337,402,24,"14 May 2008, 14:35:22",3.569684886,-0.003987192003,35.63996182,0.0006,0.0,2956.344,1.43339589
338,402,24,"14 May 2008, 14:35:22",3.586470021,-0.004734773627,35.13036409,0.0008,0.0,2956.344,1.373681424
339,406,24,"14 May 2008, 19:31:39",3.320622736,-0.002740928305,40.50339709,0.0006,0.001,2956.406,1.52909165
340,406,24,"14 May 2008, 19:31:39",3.57630513,-0.00211502297,35.68616081,0.0006,0.0,2956.406,1.428064873
341,406,24,"14 May 2008, 19:31:39",3.592351575,-0.004164311052,35.3100084,0.0008,0.0,2956.406,1.378605989
342,410,24,"15 May 2008, 0:27:55",3.325515912,-0.0001323108239,40.3426072,0.0006,0.001,2947.266,1.523905932
343,410,24,"15 May 2008, 0:27:55",3.5780032,-0.004832065415,35.57224194,0.0006,0.0,2947.266,1.422920318
344,410,24,"15 May 2008, 0:27:55",3.596312407,-0.001971315804,35.16961821,0.0006,0.0,2947.266,1.37376003
345,414,24,"15 May 2008, 5:24:04",3.333109444,0.0008330088422,40.07998324,0.0006,0.001,2937.984,1.518667542
346,414,24,"15 May 2008, 5:24:04",3.578252916,-0.002271526366,35.4116223,0.0006,0.0,2937.984,1.417429033
347,414,24,"15 May 2008, 5:24:04",3.600238913,-0.003212939096,34.99384428,0.0008,0.0,2937.984,1.368258058
348,418,24,"15 May 2008, 10:20:03",3.335710709,0.0008109185674,39.96238768,0.0006,0.001,2929.125,1.513648227
349,418,24,"15 May 2008, 10:20:03",3.579526481,0.0003379455565,35.29541793,0.0006,0.0,2929.125,1.412409229
350,418,24,"15 May 2008, 10:20:03",3.604261987,-0.005286186126,34.87051339,0.0006,0.0,2929.125,1.363302404
351,422,24,"15 May 2008, 15:10:59",3.330939811,0.0004787085189,40.2797666,0.0006,0.001,2928.454,1.513605019
352,422,24,"15 May 2008, 15:10:59",3.573309099,-0.004553122841,35.60791878,0.0006,0.0,2928.454,1.412578793
353,422,24,"15 May 2008, 15:10:59",3.610208785,-0.005880018531,34.99150316,0.0008,0.0,2928.454,1.358096614
354,426,24,"15 May 2008, 19:56:47",3.325286281,-0.003696200257,40.62025062,0.0006,0.001,2929.375,1.513947061
355,426,24,"15 May 2008, 19:56:47",3.580853525,-0.0004079778231,35.72414943,0.0008,0.0,2929.375,1.407598373
356,426,24,"15 May 2008, 19:56:47",3.604384847,-0.002697481794,35.37035355,0.0006,0.0,2929.375,1.353269091
357,430,24,"16 May 2008, 16:54:59",3.275520043,-0.00349442525,40.35266928,0.0004,0.001,2946.031,1.533959919
358,430,24,"16 May 2008, 16:54:59",3.555891725,-0.003011530231,35.90399751,0.0008,0.0,2946.031,1.433392049
359,430,24,"16 May 2008, 16:54:59",3.592939591,-0.0002897043697,35.35792668,0.0008,0.0,2946.031,1.384160574
360,432,24,"16 May 2008, 21:37:39",3.308772267,-0.002695530474,39.9268734,0.0006,0.001,2955.438,1.53913728
361,432,24,"16 May 2008, 21:37:39",3.551885409,-0.002707781949,36.11670038,0.0008,0.0,2955.438,1.438255018
362,432,24,"16 May 2008, 21:37:39",3.586261533,-0.002696693174,35.88749242,0.0006,0.0,2955.438,1.405146779
363,436,24,"17 May 2008, 2:32:13",3.301562663,-0.003331916769,40.02531718,0.0006,0.001,2937.625,1.523624797
364,436,24,"17 May 2008, 2:32:13",3.57361512,-0.002190466678,35.48818286,0.0006,0.0,2937.625,1.417354717
365,436,24,"17 May 2008, 2:32:13",3.599373322,-0.004809369279,35.41362625,0.0006,0.0,2937.625,1.378719023
366,440,24,"17 May 2008, 7:25:19",3.329412894,-0.002508027774,39.49862235,0.0006,0.001,2929.078,1.513581304
367,440,24,"17 May 2008, 7:25:19",3.58224981,-0.0005202572147,35.09068818,0.0006,0.0,2929.078,1.406981664
368,440,24,"17 May 2008, 7:25:19",3.613313371,-0.003695633181,34.8666265,0.0006,0.0,2929.078,1.368265778
369,444,24,"17 May 2008, 12:21:15",3.333007309,-0.003963659589,39.42127525,0.0006,0.001,2918.375,1.507785075
370,444,24,"17 May 2008, 12:21:15",3.582107103,-0.0008830152641,35.08313939,0.0006,0.0,2918.375,1.401203778
371,444,24,"17 May 2008, 12:21:15",3.612916401,0.00244816454,34.90046553,0.0006,0.0,2918.375,1.35731513
372,448,24,"17 May 2008, 17:15:37",3.347244065,-0.001901545423,39.25911145,0.0006,0.001,2919.812,1.503196068
373,448,24,"17 May 2008, 17:15:37",3.584544253,0.0008061978411,34.98209371,0.0006,0.0,2919.812,1.396700823
374,448,24,"17 May 2008, 17:15:37",3.623076762,-0.004482877775,34.62406487,0.0006,0.0,2919.812,1.352493464
375,452,24,"17 May 2008, 22:10:51",3.338319208,-0.005666857623,39.35985985,0.0006,0.001,2900.422,1.49782206
376,452,24,"17 May 2008, 22:10:51",3.582997064,-0.001309372354,35.08471914,0.0006,0.0,2900.422,1.391284789
377,452,24,"17 May 2008, 22:10:51",3.622541001,-0.0003725715106,34.74761765,0.0006,0.0,2900.422,1.347409915
378,456,24,"18 May 2008, 3:05:19",3.354004346,0.0007327720452,39.16140981,0.0006,0.001,2901.375,1.492848535
379,456,24,"18 May 2008, 3:05:19",3.585576081,-0.001703344416,34.94908276,0.0006,0.0,2901.375,1.386228768
380,456,24,"18 May 2008, 3:05:19",3.6262759,-0.0006780455442,34.60698634,0.0008,0.0,2901.375,1.337007513
381,460,24,"18 May 2008, 8:00:50",3.37018027,0.0002043455553,38.85264793,0.0006,0.001,2901.187,1.49241439
382,460,24,"18 May 2008, 8:00:50",3.591090838,0.000880984583,34.70452785,0.0006,0.0,2901.187,1.380436676
383,460,24,"18 May 2008, 8:00:50",3.630939582,-0.002562552932,34.37583933,0.0006,0.0,2901.187,1.331235297
384,464,24,"18 May 2008, 12:44:48",3.346043334,-0.001119129659,39.25240516,0.0006,0.001,2891.64,1.487482777
385,464,24,"18 May 2008, 12:44:48",3.594060584,-0.002624300994,34.66713131,0.0006,0.0,2891.64,1.375236415
386,464,24,"18 May 2008, 12:44:48",3.636652152,-0.003752025128,34.21509258,0.0006,0.0,2891.64,1.325930378
387,468,24,"18 May 2008, 17:36:29",3.351868704,-0.0003607174029,39.16149931,0.0006,0.001,2882.906,1.482535149
388,468,24,"18 May 2008, 17:36:29",3.59110796,-0.001529448389,34.73478778,0.0006,0.0,2882.906,1.370512802
389,468,24,"18 May 2008, 17:36:29",3.633648675,0.0009710625802,34.40452575,0.0006,0.0,2882.906,1.321578744
390,472,24,"18 May 2008, 22:31:45",3.371261039,-0.001960862942,38.91377877,0.0006,0.001,2883.265,1.482787432
391,472,24,"18 May 2008, 22:31:45",3.58881201,-0.001782133812,34.79017756,0.0006,0.0,2883.265,1.370508557
392,472,24,"18 May 2008, 22:31:45",3.640852642,-0.003630999262,34.27105539,0.0006,0.0,2883.265,1.321225074
393,476,24,"19 May 2008, 3:27:07",3.363638144,-0.002452157199,39.03510682,0.0006,0.001,2882.969,1.47697118
394,476,24,"19 May 2008, 3:27:07",3.594214792,-0.003192486164,34.60274189,0.0006,0.0,2882.969,1.364735511
395,476,24,"19 May 2008, 3:27:07",3.646304145,-0.001610588681,34.0994987,0.0008,0.0,2882.969,1.31564853
396,480,24,"19 May 2008, 15:34:33",3.358875203,-0.001565044382,38.81118982,0.0006,0.001,2891.656,1.481901555
397,480,24,"19 May 2008, 15:34:33",3.583341522,-0.005381432105,35.20080243,0.0006,0.0,2891.656,1.375392017
398,480,24,"19 May 2008, 15:34:33",3.643185525,-0.005161246814,34.34747481,0.0006,0.0,2891.656,1.32090257
399,482,24,"19 May 2008, 20:59:48",3.342159119,-0.0009070035771,39.34594909,0.0006,0.001,2901.25,1.49813662
400,482,24,"19 May 2008, 20:59:48",3.580430719,-0.001133734358,35.37656984,0.0006,0.0,2901.25,1.386111515
401,482,24,"19 May 2008, 20:59:48",3.630091792,-0.006681833318,34.64277824,0.0006,0.0,2901.25,1.347432877
402,484,24,"20 May 2008, 1:16:42",3.35655944,-0.001300237305,39.11711609,0.0006,0.001,2891.703,1.482077521
403,484,24,"20 May 2008, 1:16:42",3.592441816,0.0008418702493,35.02073679,0.0006,0.0,2891.703,1.369850004
404,484,24,"20 May 2008, 1:16:42",3.644383145,-0.003068345143,34.12594283,0.0006,0.0,2891.703,1.326012807
405,488,24,"20 May 2008, 6:12:06",3.353642353,0.0004646179558,39.06638461,0.0006,0.001,2883.016,1.477115531
406,488,24,"20 May 2008, 6:12:06",3.589331565,-0.00250224036,34.92008219,0.0006,0.0,2883.016,1.364782795
407,488,24,"20 May 2008, 6:12:06",3.647724843,-0.004687032455,33.88737678,0.0006,0.0,2883.016,1.310118678
408,492,24,"20 May 2008, 11:07:23",3.356800601,-0.001275820373,38.96679966,0.0006,0.001,2873.453,1.472077278
409,492,24,"20 May 2008, 11:07:23",3.602288323,-0.002432712956,34.51525448,0.0006,0.0,2873.453,1.354322047
410,492,24,"20 May 2008, 11:07:23",3.654758881,-0.005159107911,33.56218508,0.0006,0.0,2873.453,1.305216202
411,496,24,"20 May 2008, 15:57:27",3.377870432,0.001623751877,38.87062732,0.0004,0.001,2874.031,1.472248014
412,496,24,"20 May 2008, 15:57:27",3.597021214,-0.006605726986,34.95922357,0.0006,0.0,2874.031,1.354641702
413,496,24,"20 May 2008, 15:57:27",3.649848217,-0.003632256561,33.97512947,0.0006,0.0,2874.031,1.300406195
414,500,24,"20 May 2008, 20:50:39",3.370719092,-7.38e-06,39.1066106,0.0006,0.001,2874.234,1.467010667
415,500,24,"20 May 2008, 20:50:39",3.592312208,-0.0002227976761,35.09464992,0.0006,0.0,2874.234,1.354703921
416,500,24,"20 May 2008, 20:50:39",3.654795053,-0.003771132033,33.99383111,0.0006,0.0,2874.234,1.300235736
417,504,24,"21 May 2008, 1:39:38",3.376335973,-0.002895088376,38.88228667,0.0006,0.001,2864.984,1.46176725
418,504,24,"21 May 2008, 1:39:38",3.595500119,1.21e-05,34.87110957,0.0006,0.0,2864.984,1.349314998
419,504,24,"21 May 2008, 1:39:38",3.655196921,-0.001608592749,33.80021083,0.0006,0.0,2864.984,1.289506672
420,508,24,"21 May 2008, 6:24:27",3.377108292,-0.0008091498803,38.73206806,0.0006,0.001,2855.093,1.456695267
421,508,24,"21 May 2008, 6:24:27",3.596823461,0.001916534299,34.64809422,0.0006,0.0,2855.093,1.344189194
422,508,24,"21 May 2008, 6:24:27",3.660920185,-0.003679338825,33.39907835,0.0006,0.0,2855.093,1.279253057
423,512,24,"21 May 2008, 11:18:06",3.394007024,-0.001995123443,38.39540666,0.0006,0.001,2855.625,1.451354973
424,512,24,"21 May 2008, 11:18:06",3.601835675,-0.002030693243,34.44831393,0.0006,0.0,2855.625,1.338991379
425,512,24,"21 May 2008, 11:18:06",3.666550646,-0.003249394265,33.17152279,0.0006,0.0,2855.625,1.279207817
426,516,24,"21 May 2008, 16:10:21",3.389807417,-0.005237507543,38.72040764,0.0006,0.001,2855.594,1.451615926
427,516,24,"21 May 2008, 16:10:21",3.599344814,-0.0002295519507,34.76318323,0.0006,0.0,2855.594,1.338914523
428,516,24,"21 May 2008, 16:10:21",3.66483042,-0.001290470769,33.525893,0.0006,0.0,2855.594,1.274036761
429,520,24,"21 May 2008, 21:02:09",3.395298301,-0.003353861186,38.50808797,0.0006,0.001,2847.437,1.446816133
430,520,24,"21 May 2008, 21:02:09",3.603579039,0.0001922589021,34.6771112,0.0006,0.0,2847.437,1.334006676
431,520,24,"21 May 2008, 21:02:09",3.667070842,-0.002417411211,33.4843476,0.0006,0.0,2847.437,1.274127392
432,524,24,"22 May 2008, 1:42:59",3.385837614,-0.005039734051,38.65340097,0.0006,0.001,2847.36,1.446757061
433,524,24,"22 May 2008, 1:42:59",3.605860961,-0.00118763518,34.35552173,0.0006,0.0,2847.36,1.328644431
434,524,24,"22 May 2008, 1:42:59",3.671063897,-0.001914484586,33.05127195,0.0006,0.0,2847.36,1.263763943
435,528,24,"22 May 2008, 6:32:40",3.389881161,-0.003419310467,38.45953434,0.0006,0.001,2837.328,1.441379748
436,528,24,"22 May 2008, 6:32:40",3.61050785,-0.001502656313,34.13298084,0.0006,0.0,2837.328,1.323170899
437,528,24,"22 May 2008, 6:32:40",3.675527991,-0.0002162405678,32.79536153,0.0006,0.0,2837.328,1.258137369
438,532,24,"22 May 2008, 11:23:22",3.407342175,0.00213155022,38.11383483,0.0006,0.001,2837.281,1.436245625
439,532,24,"22 May 2008, 11:23:22",3.616262908,-0.0003439261609,33.97306701,0.0006,0.0,2837.281,1.318169159
440,532,24,"22 May 2008, 11:23:22",3.672911707,-0.004899847127,32.87846637,0.0008,0.0,2837.281,1.253259864
441,536,24,"22 May 2008, 16:17:58",3.400524264,-0.0008047558542,38.40789275,0.0006,0.001,2838.515,1.436815415
442,536,24,"22 May 2008, 16:17:58",3.613479486,0.002014312427,34.3739489,0.0006,0.0,2838.515,1.318466444
443,536,24,"22 May 2008, 16:17:58",3.672942608,-0.001504247525,33.21432606,0.0006,0.0,2838.515,1.253231332
444,540,24,"22 May 2008, 20:59:50",3.38784771,-0.004555406475,38.73894486,0.0006,0.001,2828.328,1.436294515
445,540,24,"22 May 2008, 20:59:50",3.607069041,-0.001435257576,34.44341685,0.0006,0.0,2828.328,1.31829304
446,540,24,"22 May 2008, 20:59:50",3.676426872,0.001852841271,33.01008607,0.0006,0.0,2828.328,1.248087496
447,544,24,"23 May 2008, 12:13:16",3.379845055,-0.003039242945,38.44322382,0.0006,0.001,2838.265,1.441857532
448,544,24,"23 May 2008, 12:13:16",3.602312681,-0.004821586968,33.98038017,0.0006,0.0,2838.265,1.323872422
449,544,24,"23 May 2008, 12:13:16",3.678748349,-0.003839721423,32.83266948,0.0006,0.0,2838.265,1.253435428
450,547,24,"23 May 2008, 20:14:29",3.365955839,-0.002495025102,38.59565538,0.0006,0.001,2864.547,1.467206348
451,547,24,"23 May 2008, 20:14:29",3.577927761,-0.004081000159,34.97066611,0.0006,0.0,2864.547,1.360121677
452,547,24,"23 May 2008, 20:14:29",3.666024381,-0.005836019933,33.95920158,0.0006,0.0,2864.547,1.289804877
453,551,24,"24 May 2008, 1:09:21",3.36102938,-0.002602624139,38.84706977,0.0006,0.001,2846.39,1.451864037
454,551,24,"24 May 2008, 1:09:21",3.593974645,-0.004431400857,34.68949036,0.0006,0.0,2846.39,1.339530687
455,551,24,"24 May 2008, 1:09:21",3.673517843,-0.007744798123,33.66715541,0.0006,0.0,2846.39,1.263540202
456,555,24,"24 May 2008, 6:00:20",3.38875326,-0.002355452419,38.30628246,0.0006,0.001,2837.969,1.447137975
457,555,24,"24 May 2008, 6:00:20",3.60427474,4.31e-05,34.35560665,0.0006,0.0,2837.969,1.329028657
458,555,24,"24 May 2008, 6:00:20",3.679265326,-0.0030678548,33.29047667,0.0006,0.0,2837.969,1.247976171
459,559,24,"24 May 2008, 10:42:50",3.40106273,-0.001941170434,38.10008405,0.0006,0.001,2838.156,1.441790587
460,559,24,"24 May 2008, 10:42:50",3.608769672,-0.001950271018,34.17986036,0.0006,0.0,2838.156,1.323674127
461,559,24,"24 May 2008, 10:42:50",3.68100053,-0.001061989913,33.06772145,0.0006,0.0,2838.156,1.232120288
462,563,24,"24 May 2008, 15:31:10",3.403129377,-0.009388274097,38.06252865,0.0006,0.001,2829.843,1.431630948
463,563,24,"24 May 2008, 15:31:10",3.609387707,-0.001991020902,34.14567217,0.0006,0.0,2829.843,1.318633897
464,563,24,"24 May 2008, 15:31:10",3.681621066,-0.005584674986,33.05886239,0.0006,0.0,2829.843,1.227113767
465,567,24,"24 May 2008, 20:21:13",3.391848207,-0.001781977552,38.35118171,0.0006,0.001,2829.625,1.431808425
466,567,24,"24 May 2008, 20:21:13",3.6149339,-0.001904166818,33.99467217,0.0006,0.0,2829.625,1.313475132
467,567,24,"24 May 2008, 20:21:13",3.687058047,-0.002099570154,32.80619309,0.0006,0.0,2829.625,1.221739758
468,571,24,"25 May 2008, 1:06:49",3.402983453,-0.002329795152,38.13413917,0.0006,0.001,2819.437,1.426256259
469,571,24,"25 May 2008, 1:06:49",3.609023225,-0.002823704675,34.16712025,0.0006,0.0,2819.437,1.313202063
470,571,24,"25 May 2008, 1:06:49",3.686609623,-0.00280674104,32.85539211,0.0006,0.0,2819.437,1.211102679
471,575,24,"25 May 2008, 5:57:17",3.418115964,-0.001066096487,37.85713114,0.0004,0.001,2819.579,1.426087753
472,575,24,"25 May 2008, 5:57:17",3.614331348,-0.003824238535,33.97599952,0.0006,0.0,2819.579,1.307795995
473,575,24,"25 May 2008, 5:57:17",3.688664229,-0.003269487331,32.72492218,0.0006,0.0,2819.579,1.205615977
474,579,24,"25 May 2008, 10:51:37",3.398949188,0.0005835512714,38.28908688,0.0006,0.001,2810.672,1.421263351
475,579,24,"25 May 2008, 10:51:37",3.617824457,-0.004508289318,33.98222497,0.0006,0.0,2810.672,1.303032919
476,579,24,"25 May 2008, 10:51:37",3.68942793,-0.003816675445,32.76928329,0.0006,0.0,2810.672,1.200893626
477,583,24,"25 May 2008, 15:37:08",3.417481499,-0.004969071754,37.9719687,0.0006,0.001,2811.485,1.416327275
478,583,24,"25 May 2008, 15:37:08",3.61308721,-0.003392808851,34.07899622,0.0008,0.0,2811.485,1.303357356
479,583,24,"25 May 2008, 15:37:08",3.691557712,-0.002046824275,32.59685985,0.0006,0.0,2811.485,1.190590399
480,587,24,"25 May 2008, 20:23:04",3.397325968,-0.003392383858,38.40397607,0.0006,0.001,2802.422,1.416578183
481,587,24,"25 May 2008, 20:23:04",3.60703955,-0.005626640278,34.30494727,0.0006,0.0,2802.422,1.303410044
482,587,24,"25 May 2008, 20:23:04",3.692494603,-0.002930439184,32.62058103,0.0006,0.0,2802.422,1.185179251
483,591,24,"26 May 2008, 1:13:02",3.41769383,9.96e-05,38.04807932,0.0006,0.001,2801.625,1.410840173
484,591,24,"26 May 2008, 1:13:02",3.614909412,-0.004150585576,34.12626263,0.0006,0.0,2801.625,1.297887081
485,591,24,"26 May 2008, 1:13:02",3.693907128,-0.00134803307,32.54557847,0.0006,0.0,2801.625,1.179670682
486,595,24,"26 May 2008, 6:01:08",3.409762326,-0.003764178585,38.18904506,0.0006,0.001,2802.031,1.410994963
487,595,24,"26 May 2008, 6:01:08",3.610903754,0.000918747329,34.13529495,0.0006,0.0,2802.031,1.298073506
488,595,24,"26 May 2008, 6:01:08",3.694626214,-0.005229183877,32.43120346,0.0006,0.0,2802.031,1.174595284
489,599,24,"26 May 2008, 10:44:38",3.418468376,-0.001556773969,38.03277235,0.0006,0.001,2793.39,1.406171429
490,599,24,"26 May 2008, 10:44:38",3.615560502,-0.002548451569,34.07564903,0.0006,0.0,2793.39,1.293463614
491,599,24,"26 May 2008, 10:44:38",3.696326965,-0.0007456920501,32.11347323,0.0006,0.0,2793.39,1.153818332
492,603,24,"26 May 2008, 15:30:43",3.410207417,-0.001848418663,38.26757391,0.0004,0.001,2793.39,1.406335848
493,603,24,"26 May 2008, 15:30:43",3.621191033,-0.00246018258,33.99134953,0.0006,0.0,2793.39,1.288003393
494,603,24,"26 May 2008, 15:30:43",3.697169686,-0.001187802905,32.29936288,0.0006,0.0,2793.39,1.164400956
495,607,24,"26 May 2008, 20:21:04",3.428899305,-0.001484263279,37.94497591,0.0006,0.001,2792.485,1.40045524
496,607,24,"26 May 2008, 20:21:04",3.619185105,0.0004778014371,34.0591984,0.0006,0.0,2792.485,1.287452522
497,607,24,"26 May 2008, 20:21:04",3.696674487,-0.002457138861,32.41675406,0.0008,0.0,2792.485,1.158797495
498,611,24,"27 May 2008, 15:52:41",3.372148496,-0.001991751745,38.47067656,0.0006,0.001,2802.016,1.421786505
499,611,24,"27 May 2008, 15:52:41",3.595364973,-0.002341505352,34.55651437,0.0006,0.0,2802.016,1.309015364
500,611,24,"27 May 2008, 15:52:41",3.693059436,-0.001244768574,32.371097,0.0006,0.0,2802.016,1.174974883
501,613,24,"27 May 2008, 20:45:42",3.383856649,-0.000984538239,37.85160245,0.0006,0.001,2820.39,1.432455272
502,613,24,"27 May 2008, 20:45:42",3.589937389,-0.0005833472585,34.40592046,0.0006,0.0,2820.39,1.325079329
503,613,24,"27 May 2008, 20:45:42",3.691808983,-0.003127128843,32.19232413,0.0006,0.0,2820.39,1.185675233
